{
  "ETHUSDT": {
    "coin": "ETHUSDT",
    "best_config": {
      "scaler_type": "robust",
      "sequence_length": 50
    },
    "best_metrics": {
      "roc_auc": 0.5278767451007469,
      "accuracy": 0.5221510700597519,
      "val_loss": 0.6920310258865356
    },
    "all_results": [
      {
        "coin": "ETHUSDT",
        "scaler_type": "robust",
        "sequence_length": 40,
        "final_val_roc_auc": 0.524690659942985,
        "final_val_accuracy": 0.5194839201123569,
        "best_val_loss": 0.6922533512115479,
        "best_epoch": 9,
        "training_epochs": 9,
        "data_shapes": {
          "X_train": [
            210041,
            40,
            30
          ],
          "y_train": [
            210041
          ],
          "X_test": [
            16682,
            40,
            30
          ],
          "y_test": [
            16682
          ]
        }
      },
      {
        "coin": "ETHUSDT",
        "scaler_type": "robust",
        "sequence_length": 30,
        "final_val_roc_auc": 0.5243884262247818,
        "final_val_accuracy": 0.5183880412272976,
        "best_val_loss": 0.6922199726104736,
        "best_epoch": 8,
        "training_epochs": 8,
        "data_shapes": {
          "X_train": [
            210051,
            30,
            30
          ],
          "y_train": [
            210051
          ],
          "X_test": [
            16692,
            30,
            30
          ],
          "y_test": [
            16692
          ]
        }
      },
      {
        "coin": "ETHUSDT",
        "scaler_type": "robust",
        "sequence_length": 50,
        "final_val_roc_auc": 0.5278767451007469,
        "final_val_accuracy": 0.5221510700597519,
        "best_val_loss": 0.6920310258865356,
        "best_epoch": 7,
        "training_epochs": 7,
        "data_shapes": {
          "X_train": [
            210031,
            50,
            30
          ],
          "y_train": [
            210031
          ],
          "X_test": [
            16672,
            50,
            30
          ],
          "y_test": [
            16672
          ]
        }
      },
      {
        "coin": "ETHUSDT",
        "scaler_type": "robust",
        "sequence_length": 20,
        "final_val_roc_auc": 0.5268629643379059,
        "final_val_accuracy": 0.5236474424582868,
        "best_val_loss": 0.6920636296272278,
        "best_epoch": 8,
        "training_epochs": 8,
        "data_shapes": {
          "X_train": [
            210061,
            20,
            30
          ],
          "y_train": [
            210061
          ],
          "X_test": [
            16702,
            20,
            30
          ],
          "y_test": [
            16702
          ]
        }
      },
      {
        "coin": "ETHUSDT",
        "scaler_type": "robust",
        "sequence_length": 60,
        "final_val_roc_auc": 0.526024250117176,
        "final_val_accuracy": 0.520366623021069,
        "best_val_loss": 0.6921916604042053,
        "best_epoch": 9,
        "training_epochs": 9,
        "data_shapes": {
          "X_train": [
            210021,
            60,
            30
          ],
          "y_train": [
            210021
          ],
          "X_test": [
            16662,
            60,
            30
          ],
          "y_test": [
            16662
          ]
        }
      },
      {
        "coin": "ETHUSDT",
        "scaler_type": "minmax",
        "sequence_length": 40,
        "final_val_roc_auc": 0.5249784471033705,
        "final_val_accuracy": 0.5186031564664715,
        "best_val_loss": 0.692244291305542,
        "best_epoch": 8,
        "training_epochs": 8,
        "data_shapes": {
          "X_train": [
            210041,
            40,
            30
          ],
          "y_train": [
            210041
          ],
          "X_test": [
            16682,
            40,
            30
          ],
          "y_test": [
            16682
          ]
        }
      },
      {
        "coin": "ETHUSDT",
        "scaler_type": "minmax",
        "sequence_length": 30,
        "final_val_roc_auc": 0.5244793306176403,
        "final_val_accuracy": 0.5175549260907858,
        "best_val_loss": 0.6922215819358826,
        "best_epoch": 16,
        "training_epochs": 16,
        "data_shapes": {
          "X_train": [
            210051,
            30,
            30
          ],
          "y_train": [
            210051
          ],
          "X_test": [
            16692,
            30,
            30
          ],
          "y_test": [
            16692
          ]
        }
      },
      {
        "coin": "ETHUSDT",
        "scaler_type": "minmax",
        "sequence_length": 50,
        "final_val_roc_auc": 0.5233418676241743,
        "final_val_accuracy": 0.5157711809936439,
        "best_val_loss": 0.6923437118530273,
        "best_epoch": 13,
        "training_epochs": 13,
        "data_shapes": {
          "X_train": [
            210031,
            50,
            30
          ],
          "y_train": [
            210031
          ],
          "X_test": [
            16672,
            50,
            30
          ],
          "y_test": [
            16672
          ]
        }
      },
      {
        "coin": "ETHUSDT",
        "scaler_type": "minmax",
        "sequence_length": 20,
        "final_val_roc_auc": 0.5250999636471105,
        "final_val_accuracy": 0.5176969033394425,
        "best_val_loss": 0.6922285556793213,
        "best_epoch": 10,
        "training_epochs": 10,
        "data_shapes": {
          "X_train": [
            210061,
            20,
            30
          ],
          "y_train": [
            210061
          ],
          "X_test": [
            16702,
            20,
            30
          ],
          "y_test": [
            16702
          ]
        }
      },
      {
        "coin": "ETHUSDT",
        "scaler_type": "minmax",
        "sequence_length": 60,
        "final_val_roc_auc": 0.5,
        "final_val_accuracy": 0.504892274729199,
        "best_val_loss": 0.693098247051239,
        "best_epoch": 10,
        "training_epochs": 10,
        "data_shapes": {
          "X_train": [
            210021,
            60,
            30
          ],
          "y_train": [
            210021
          ],
          "X_test": [
            16662,
            60,
            30
          ],
          "y_test": [
            16662
          ]
        }
      }
    ]
  }
}